feature,train_mean,test_mean,train_std,standardized_test_shift,between_subject_shift
eeg_eeg_ch02_beta,658.7162829259391,20542.925396695133,3375.6292926772035,5.890519186127537,5.890519186127537
eeg_eeg_ch01_beta,1054.7290599010148,23662.749834529644,5658.317972368161,3.9955373460863592,3.9955373460863592
eeg_eeg_ch11_beta,1454.3224552167342,25050.34590152542,6164.147503478185,3.8279459459713414,3.8279459459713414
eeg_eeg_ch03_beta,1018.6963817520435,19205.739469984008,5233.3393425863005,3.47522717287505,3.4752271728750497
eeg_eeg_ch00_beta,1613.2084254107544,23664.823466408525,7391.617905441939,2.9833272394617,2.9833272394617
eeg_eeg_ch11_gamma,46.34371780592978,643.9536247965857,215.10814760235263,2.778183502818281,2.778183502818281
eeg_eeg_ch13_beta,2298.9638866812047,23427.78650328708,9072.668711353608,2.3288431760067576,2.328843176006758
eeg_eeg_ch11_alpha,79.24488749003059,2142.6556914147136,1114.6766917739371,1.851129407434631,1.8511294074346314
eeg_eeg_ch10_beta,2938.7192095136575,25773.239804647088,13396.963086289876,1.7044549908853388,1.7044549908853386
eeg_eeg_ch02_gamma,16.4067185491443,130.9457884256485,80.8104452137082,1.4173795178779,1.4173795178778996
eeg_eeg_ch04_beta,3772.1169049259424,24630.36806380297,15912.493824780715,1.3108096938516467,1.3108096938516467
eeg_eeg_ch12_beta,4017.6488665945344,25071.788237087698,16712.54655745828,1.2597804468701608,1.2597804468701603
eeg_eeg_ch09_beta,3936.361275267033,22968.365157458935,16437.65894776409,1.1578293443532424,1.1578293443532424
eeg_eeg_ch11_theta,242.77728664349792,3466.502661411778,3059.5210414046824,1.053669947400724,1.053669947400724
eeg_eeg_ch00_gamma,43.67818799128757,205.7192185770062,179.17059668717292,0.9043952165244944,0.9043952165244944
eeg_eeg_ch00_theta,208.5497719334252,844.7503607464532,916.7171464550324,0.6939987882557136,0.6939987882557136
eeg_eeg_ch03_gamma,35.013408836625736,117.70427870721582,189.56747790164025,0.43620810270786753,0.43620810270786736
eeg_eeg_ch11_delta,1544.5109773562801,14333.963441079999,29775.140911597264,0.42953457388147215,0.4295345738814722
eeg_eeg_ch01_theta,257.15545853650843,861.2449142813442,1762.176168418438,0.3428087762002871,0.34280877620028727
eeg_eeg_ch00_alpha,46.62776804761255,247.75975301841257,616.1949258779252,0.326409674153413,0.32640967415341304
eeg_eeg_ch13_gamma,83.92963990785964,255.0695483219304,528.0316543668491,0.3241091836043064,0.3241091836043064
eeg_eeg_ch01_gamma,48.026850646953505,196.50133811738033,464.99835946614104,0.3193010995584771,0.3193010995584771
eeg_eeg_ch00_delta,892.7631044999214,5940.91673350737,15932.896945590177,0.3168384033516673,0.3168384033516673
eeg_eeg_ch02_theta,108.43354152907487,559.4167555122918,1540.770527789038,0.2926997926358087,0.2926997926358087
eeg_eeg_ch01_alpha,76.65379859550661,259.80138049176776,630.8043921177842,0.29033973793585083,0.2903397379358507
eeg_eeg_ch10_gamma,81.34448074570396,185.914969802997,379.29050152593743,0.27570025781450286,0.27570025781450297
eeg_eeg_ch12_gamma,85.28337508306812,209.52873534623228,477.79232538994694,0.26004051061674577,0.2600405106167458
eeg_eeg_ch09_gamma,94.79902240039459,219.61719704260167,527.1948748138232,0.23675908208759833,0.2367590820875984
eeg_eeg_ch01_delta,1538.4783294931535,5897.893757755307,18880.05985572096,0.23090050887424388,0.23090050887424393
eeg_eeg_ch02_alpha,38.94481413348357,187.09748276780212,670.8491491859382,0.22084349188502184,0.2208434918850218
eeg_eeg_ch07_beta,2465.895182354077,38.06646748014949,11850.669747301876,0.20486848141445238,0.20486848141445232
eeg_eeg_ch02_delta,776.718504657824,3973.689591507368,17144.902445361382,0.18646773272918193,0.18646773272918196
eeg_eeg_ch06_beta,1755.7862765885584,16.244420427121838,9359.177444931984,0.1858648226723602,0.1858648226723602
eeg_eeg_ch09_delta,2289.3368293829208,9478.065445020871,41552.75182237117,0.1730024679561098,0.1730024679561098
eeg_eeg_ch07_gamma,67.8488274047841,5.2796803050299586,383.67636730501107,0.16307792825304138,0.16307792825304143
eeg_eeg_ch06_gamma,43.41533293623456,4.560556090287782,247.14719837668983,0.15721309851437687,0.1572130985143768
eeg_eeg_ch03_theta,191.22642646705233,586.6245607620449,2572.422622739476,0.15370652193764228,0.15370652193764234
eeg_eeg_ch04_gamma,128.12539348014596,214.28304896280557,591.6133701179114,0.14563169095635545,0.14563169095635536
eeg_eeg_ch03_delta,879.8659948604302,3435.1691735066665,18757.305971599864,0.13622975402305532,0.1362297540230553
eeg_eeg_ch08_beta,1981.3601644720327,112.44379755027155,14352.625607071532,0.13021424916155738,0.1302142491615574
eeg_eeg_ch12_alpha,103.72453359705452,273.2651759834324,1483.5070594495016,0.11428367752377995,0.11428367752377995
eeg_eeg_ch10_theta,382.37293334832657,791.2928910567213,3650.2923772945555,0.1120238916345296,0.11202389163452967
eeg_eeg_ch03_alpha,59.83530644153959,188.9187725517754,1197.4955088237257,0.10779453046720129,0.10779453046720126
eeg_eeg_ch09_alpha,101.20303242588419,282.25740393592065,1706.4448616720247,0.10610033501617748,0.10610033501617752
eeg_eeg_ch10_alpha,94.95646493392051,241.03071040154472,1377.4982701361405,0.10604314258281243,0.10604314258281243
eeg_eeg_ch04_alpha,83.5149470130854,255.446221745024,1673.7200083261366,0.10272403620476794,0.10272403620476793
eeg_eeg_ch10_delta,1486.0587094956431,3948.5752790507577,24187.629198708564,0.10180892675858427,0.10180892675858423
eeg_eeg_ch12_delta,2710.539892574897,6392.936972657076,37248.41762987825,0.09886049701956737,0.0988604970195674
eeg_eeg_ch05_gamma,5.190040526668669,9.660915172384788,46.06327151250443,0.09705942498032183,0.09705942498032177
eeg_eeg_ch04_delta,2299.480732481428,6230.451212743307,41304.18017889676,0.09517125054258556,0.0951712505425856
eeg_eeg_ch08_gamma,49.2816489316793,8.276610009380033,475.3238673665191,0.08626757825034809,0.08626757825034811
eeg_eeg_ch13_delta,4281.970212202035,8193.480914640166,46035.79681574148,0.08496672096486073,0.08496672096486076
eeg_eeg_ch09_theta,537.0374614206262,955.6906697293934,5048.37460985988,0.08292831666871629,0.08292831666871629
eeg_eeg_ch07_theta,372.3568641464867,18.623790692850726,4482.982308879773,0.07890574824553086,0.07890574824553087
eeg_eeg_ch04_theta,516.4470617391956,911.2489121396866,5012.957938123632,0.07875626631494671,0.0787562663149467
eeg_eeg_ch12_theta,605.9437675751059,962.1188199078015,4612.994775053924,0.07721124122203933,0.07721124122203939
eeg_eeg_ch13_theta,744.4005803570241,1158.0502613234128,5643.153030446049,0.07330116315022078,0.07330116315022082
eeg_eeg_ch08_theta,359.2500801600149,27.028043537832193,4558.076253795393,0.07288645869966522,0.0728864586996652
eeg_eeg_ch06_theta,259.7835015069759,42.13208508815075,3169.559538779438,0.06866929418926147,0.06866929418926146
eeg_eeg_ch13_alpha,213.044298520975,349.62216071679785,2404.9458239211945,0.05679041117572312,0.0567904111757231
eeg_eeg_ch05_beta,40.40202861671458,60.385686629819375,387.7163510987305,0.051541953173948114,0.05154195317394815
eeg_eeg_ch05_alpha,14.630408631333243,30.06008895016444,312.2586935575937,0.049413132883633595,0.049413132883633595
eeg_eeg_ch07_alpha,101.5104657585145,21.833416575525415,1630.15043770393,0.048877114246716,0.048877114246716
eeg_eeg_ch07_delta,1995.5693878861362,94.24396327702225,38946.71420907631,0.04881863497912286,0.048818634979122866
eeg_eeg_ch08_delta,1975.1729346109319,134.88357244886822,38643.88525778196,0.04762174791395938,0.04762174791395937
eeg_eeg_ch06_delta,1150.6896370203744,163.617057732787,21288.541841142865,0.04636637805694807,0.04636637805694809
eeg_eeg_ch06_alpha,78.0635530636936,22.309253397741124,1363.648790474747,0.04088611382593748,0.040886113825937494
eeg_eeg_ch08_alpha,83.18487952664888,24.370833833038414,1540.2912036857572,0.03818371847665854,0.038183718476658544
eeg_eeg_ch05_delta,470.9708195301492,197.99252948928375,15500.617307031906,0.017610801210931643,0.017610801210931636
eeg_eeg_ch05_theta,39.396075400373284,52.695433175728404,874.0509210250191,0.015215769991705591,0.015215769991705591
