source_file,fold,model,input,pairing,accuracy,macro_f1,balanced_accuracy,mcc,auroc,train_time_sec,infer_time_sec,n_train,n_test,n_features
dreamer_arousal_eeg_only.csv,0,Logistic Regression,EEG,eeg_only,0.42962962962962964,0.39338235294117646,0.39999999999999997,-0.20831324236136578,0.443026455026455,0.05683135986328125,0.0017063617706298828,3060,1080,70
dreamer_arousal_eeg_only.csv,0,KNN,EEG,eeg_only,0.5796296296296296,0.5697075218691641,0.5701587301587301,0.13967256322795335,0.5616331569664903,0.016739606857299805,1.5553090572357178,3060,1080,70
dreamer_arousal_eeg_only.csv,0,SVM-RBF,EEG,eeg_only,0.46111111111111114,0.39706243477193204,0.5301587301587302,0.1035263248648786,0.555936507936508,7.622850179672241,0.9112720489501953,3060,1080,70
dreamer_arousal_eeg_only.csv,0,Random Forest,EEG,eeg_only,0.5833333333333334,0.4870041039671683,0.5257142857142857,0.07100716024967263,0.5292821869488537,3.067701578140259,0.17780184745788574,3060,1080,70
dreamer_arousal_eeg_only.csv,0,XGBoost,EEG,eeg_only,0.5935185185185186,0.5223025235992347,0.5442857142857143,0.10974148448310098,0.5391640211640212,1.7949109077453613,0.004655361175537109,3060,1080,70
dreamer_arousal_eeg_only.csv,1,Logistic Regression,EEG,eeg_only,0.5009259259259259,0.4915054363634934,0.5179695607056382,0.03843356742335666,0.5296644759598754,0.07311296463012695,0.0015347003936767578,3060,1080,70
dreamer_arousal_eeg_only.csv,1,KNN,EEG,eeg_only,0.47962962962962963,0.47675862068965513,0.4768592182635766,-0.046154021891136626,0.481138014527845,0.022762775421142578,0.020027637481689453,3060,1080,70
dreamer_arousal_eeg_only.csv,1,SVM-RBF,EEG,eeg_only,0.4962962962962963,0.4225302829554435,0.5339674852992045,0.11465047520313365,0.5348979591836734,3.581357717514038,0.9348046779632568,3060,1080,70
dreamer_arousal_eeg_only.csv,1,Random Forest,EEG,eeg_only,0.4925925925925926,0.4275677432334143,0.4653753026634383,-0.08475334981487795,0.4617295053614667,2.8892979621887207,0.17125439643859863,3060,1080,70
dreamer_arousal_eeg_only.csv,1,XGBoost,EEG,eeg_only,0.5037037037037037,0.4695617433502791,0.4843652715323417,-0.03421796392011387,0.4834590107229333,1.9480063915252686,0.008988380432128906,3060,1080,70
dreamer_arousal_eeg_only.csv,2,Logistic Regression,EEG,eeg_only,0.48148148148148145,0.47584447279383213,0.5184659090909091,0.03946128032876835,0.4884428267045455,0.1260204315185547,0.002574920654296875,3060,1080,70
dreamer_arousal_eeg_only.csv,2,KNN,EEG,eeg_only,0.4685185185185185,0.45154383791913655,0.45142045454545454,-0.09683296637314885,0.4481267755681818,0.03303337097167969,0.026876449584960938,3060,1080,70
dreamer_arousal_eeg_only.csv,2,SVM-RBF,EEG,eeg_only,0.37962962962962965,0.3589448281483109,0.42755681818181823,-0.1697435415015205,0.3794921875,3.6772618293762207,0.35487866401672363,3060,1080,70
dreamer_arousal_eeg_only.csv,2,Random Forest,EEG,eeg_only,0.5472222222222223,0.47565476137287666,0.49580965909090907,-0.00989022509654078,0.4605841619318181,2.9854416847229004,0.15474653244018555,3060,1080,70
dreamer_arousal_eeg_only.csv,2,XGBoost,EEG,eeg_only,0.5435185185185185,0.5093510263321583,0.5122159090909091,0.02555576778317382,0.5052201704545454,2.4090640544891357,0.01230168342590332,3060,1080,70
dreamer_arousal_eeg_only.csv,3,Logistic Regression,EEG,eeg_only,0.5188888888888888,0.4660992915574639,0.5339188520534389,0.09166386020215811,0.5222266204849084,0.25798511505126953,0.004444599151611328,3240,900,70
dreamer_arousal_eeg_only.csv,3,KNN,EEG,eeg_only,0.5177777777777778,0.5131229931592908,0.514448292924295,0.029203380632999085,0.5271350816427511,0.056783199310302734,0.037534475326538086,3240,900,70
dreamer_arousal_eeg_only.csv,3,SVM-RBF,EEG,eeg_only,0.5011111111111111,0.38936949869668697,0.5211528946066304,0.09696023149640126,0.5838000989609105,9.055898666381836,0.7578575611114502,3240,900,70
dreamer_arousal_eeg_only.csv,3,Random Forest,EEG,eeg_only,0.4955555555555556,0.4687959895787289,0.4865413161801089,-0.02940287562122906,0.483156853043048,2.747868537902832,0.1754453182220459,3240,900,70
dreamer_arousal_eeg_only.csv,3,XGBoost,EEG,eeg_only,0.5055555555555555,0.48920963321297983,0.4985898070262246,-0.0029670080098850313,0.5090945076694705,2.084327459335327,0.009975910186767578,3240,900,70
dreamer_arousal_ecg_only.csv,0,Logistic Regression,ECG,ecg_only,0.43425925925925923,0.42799734057077177,0.4646031746031746,-0.0753288753559689,0.45928395061728394,0.0459284782409668,0.0026602745056152344,3060,1080,14
dreamer_arousal_ecg_only.csv,0,KNN,ECG,ecg_only,0.475,0.46481337599490996,0.46492063492063496,-0.06959408065370137,0.4512857142857143,0.027385711669921875,0.1106710433959961,3060,1080,14
dreamer_arousal_ecg_only.csv,0,SVM-RBF,ECG,ecg_only,0.4648148148148148,0.45669883444040604,0.45714285714285713,-0.08477222424456826,0.46155026455026454,5.423356771469116,0.7518000602722168,3060,1080,14
dreamer_arousal_ecg_only.csv,0,Random Forest,ECG,ecg_only,0.5111111111111111,0.4580271366603431,0.4720634920634921,-0.062018907436786695,0.4819276895943562,2.4254000186920166,0.16400647163391113,3060,1080,14
dreamer_arousal_ecg_only.csv,0,XGBoost,ECG,ecg_only,0.5324074074074074,0.4826285958213769,0.49444444444444446,-0.012293857810642402,0.5141763668430336,1.0397040843963623,0.007931947708129883,3060,1080,14
dreamer_arousal_ecg_only.csv,1,Logistic Regression,ECG,ecg_only,0.4925925925925926,0.48707637694825007,0.4871670702179176,-0.025725727526692478,0.47092009685230024,0.07866954803466797,0.003940105438232422,3060,1080,14
dreamer_arousal_ecg_only.csv,1,KNN,ECG,ecg_only,0.49444444444444446,0.48724191663420335,0.48765133171912833,-0.024851862415791827,0.4915513663092355,0.027655363082885742,0.1049506664276123,3060,1080,14
dreamer_arousal_ecg_only.csv,1,SVM-RBF,ECG,ecg_only,0.46111111111111114,0.45896627232788423,0.4592182635766171,-0.08125823857692735,0.44526807333102736,5.1073431968688965,0.5759048461914062,3060,1080,14
dreamer_arousal_ecg_only.csv,1,Random Forest,ECG,ecg_only,0.5231481481481481,0.4769405252600486,0.4999135247319267,-0.00019909455896231784,0.48562435143548954,2.336703062057495,0.167799711227417,3060,1080,14
dreamer_arousal_ecg_only.csv,1,XGBoost,ECG,ecg_only,0.49722222222222223,0.477269830347123,0.4832756831546178,-0.03489183533798461,0.48472846765824973,1.103414535522461,0.009140491485595703,3060,1080,14
dreamer_arousal_ecg_only.csv,2,Logistic Regression,ECG,ecg_only,0.5268518518518519,0.5007377480004813,0.5017045454545455,0.003481611146449963,0.5258700284090909,0.06954646110534668,0.002273082733154297,3060,1080,14
dreamer_arousal_ecg_only.csv,2,KNN,ECG,ecg_only,0.5351851851851852,0.51763579616429,0.5176136363636363,0.03530483801108373,0.5193732244318182,0.026912212371826172,0.10605382919311523,3060,1080,14
dreamer_arousal_ecg_only.csv,2,SVM-RBF,ECG,ecg_only,0.5361111111111111,0.5100683720285875,0.5109375,0.022364870987698886,0.5113955965909092,5.337603330612183,0.6552231311798096,3060,1080,14
dreamer_arousal_ecg_only.csv,2,Random Forest,ECG,ecg_only,0.5425925925925926,0.5125783865167882,0.5142755681818182,0.029522397587965574,0.5305007102272727,2.4086194038391113,0.1792440414428711,3060,1080,14
dreamer_arousal_ecg_only.csv,2,XGBoost,ECG,ecg_only,0.5166666666666667,0.5002056766762649,0.5002130681818182,0.00042554439822610723,0.5187961647727272,1.1468029022216797,0.009201526641845703,3060,1080,14
dreamer_arousal_ecg_only.csv,3,Logistic Regression,ECG,ecg_only,0.4388888888888889,0.4385221953596855,0.4408955962394854,-0.11863486181688011,0.4228649183572488,0.06638693809509277,0.002145051956176758,3240,900,14
dreamer_arousal_ecg_only.csv,3,KNN,ECG,ecg_only,0.5044444444444445,0.49825,0.5004948045522019,0.0010046343934799035,0.48608362196932214,0.028116226196289062,0.09062480926513672,3240,900,14
dreamer_arousal_ecg_only.csv,3,SVM-RBF,ECG,ecg_only,0.5,0.4999110953058321,0.501583374567046,0.003171649280501352,0.48429985155863436,6.705589771270752,0.6183855533599854,3240,900,14
dreamer_arousal_ecg_only.csv,3,Random Forest,ECG,ecg_only,0.5033333333333333,0.46565118697692454,0.4925037110341415,-0.017145115807147452,0.4770163285502227,2.5399556159973145,0.18985271453857422,3240,900,14
dreamer_arousal_ecg_only.csv,3,XGBoost,ECG,ecg_only,0.49777777777777776,0.4626865671641791,0.4873824839188521,-0.02850423768199207,0.47889658584858985,1.4061918258666992,0.00897216796875,3240,900,14
dreamer_arousal_correct.csv,0,Logistic Regression,EEG--ECG,correct,0.49907407407407406,0.49664663694514444,0.5014285714285714,0.0028182683538061247,0.49144268077601416,0.23192310333251953,0.0048122406005859375,3060,1080,84
dreamer_arousal_correct.csv,0,KNN,EEG--ECG,correct,0.48703703703703705,0.4780132538150957,0.4784126984126984,-0.042769494947709596,0.47000000000000003,0.07278776168823242,0.040724754333496094,3060,1080,84
dreamer_arousal_correct.csv,0,SVM-RBF,EEG--ECG,correct,0.5018518518518519,0.5016057312252964,0.52,0.04034993590850092,0.488673721340388,7.856019973754883,0.41239213943481445,3060,1080,84
dreamer_arousal_correct.csv,0,Random Forest,EEG--ECG,correct,0.6101851851851852,0.5054552415675159,0.5487301587301587,0.14621891040998497,0.5894091710758377,1.5481274127960205,0.0857398509979248,3060,1080,84
dreamer_arousal_correct.csv,0,XGBoost,EEG--ECG,correct,0.5564814814814815,0.5006944451147065,0.515079365079365,0.034379773884330764,0.5398059964726631,2.420016288757324,0.01159214973449707,3060,1080,84
dreamer_arousal_correct.csv,1,Logistic Regression,EEG--ECG,correct,0.5407407407407407,0.5395026408450705,0.540574195780007,0.08080477253701096,0.5473953649256312,0.275862455368042,0.00394749641418457,3060,1080,84
dreamer_arousal_correct.csv,1,KNN,EEG--ECG,correct,0.47685185185185186,0.4731111397015333,0.4731061916291941,-0.05371158996673014,0.4721515046696645,0.0607762336730957,0.036031246185302734,3060,1080,84
dreamer_arousal_correct.csv,1,SVM-RBF,EEG--ECG,correct,0.4722222222222222,0.4708994708994709,0.47163611207194744,-0.05648562747557727,0.45707194742303703,7.724803447723389,0.8327593803405762,3060,1080,84
dreamer_arousal_correct.csv,1,Random Forest,EEG--ECG,correct,0.4962962962962963,0.4301322242224843,0.4687651331719128,-0.07696150803930422,0.4687288135593221,2.627171277999878,0.18186664581298828,3060,1080,84
dreamer_arousal_correct.csv,1,XGBoost,EEG--ECG,correct,0.4898148148148148,0.46307877064274816,0.47320996195088205,-0.05703690744968541,0.48589761328260117,2.298813819885254,0.009993791580200195,3060,1080,84
dreamer_arousal_correct.csv,2,Logistic Regression,EEG--ECG,correct,0.49907407407407406,0.4956490363657865,0.5009943181818182,0.001954645780493439,0.5220791903409091,0.20827484130859375,0.004366874694824219,3060,1080,84
dreamer_arousal_correct.csv,2,KNN,EEG--ECG,correct,0.5425925925925926,0.530689223234015,0.5313210227272727,0.06211315906472969,0.5262038352272728,0.05924415588378906,0.03650522232055664,3060,1080,84
dreamer_arousal_correct.csv,2,SVM-RBF,EEG--ECG,correct,0.5101851851851852,0.4899725489320865,0.4901278409090909,-0.01985835871224439,0.48267400568181823,7.558530330657959,0.9004161357879639,3060,1080,84
dreamer_arousal_correct.csv,2,Random Forest,EEG--ECG,correct,0.5657407407407408,0.4582899750705586,0.5004261363636364,0.0011818613742685725,0.5001526988636364,3.3184890747070312,0.15981554985046387,3060,1080,84
dreamer_arousal_correct.csv,2,XGBoost,EEG--ECG,correct,0.5453703703703704,0.5290581963216664,0.5290482954545455,0.058117336061449455,0.5151242897727273,2.3495824337005615,0.011174440383911133,3060,1080,84
dreamer_arousal_correct.csv,3,Logistic Regression,EEG--ECG,correct,0.4666666666666667,0.4639560046854216,0.47075705096486886,-0.059473452235398586,0.4650173181593271,0.23176956176757812,0.004171609878540039,3240,900,84
dreamer_arousal_correct.csv,3,KNN,EEG--ECG,correct,0.5022222222222222,0.4976351974323577,0.49896091044037605,-0.002098822303433591,0.5066130628401782,0.059166669845581055,0.03536796569824219,3240,900,84
dreamer_arousal_correct.csv,3,SVM-RBF,EEG--ECG,correct,0.4855555555555556,0.4841487463960356,0.4888421573478476,-0.022544921454831713,0.48106877783275603,8.671496629714966,0.718442440032959,3240,900,84
dreamer_arousal_correct.csv,3,Random Forest,EEG--ECG,correct,0.48444444444444446,0.4428166578606081,0.47323107372587825,-0.061851003023351836,0.4511331024245423,3.49686336517334,0.16451811790466309,3240,900,84
dreamer_arousal_correct.csv,3,XGBoost,EEG--ECG,correct,0.47888888888888886,0.4603067850982789,0.47157347847600195,-0.06009362355621523,0.48018802572983665,2.368300676345825,0.009718656539916992,3240,900,84
dreamer_arousal_paired_all.csv,0,Logistic Regression,EEG--ECG,correct,0.49907407407407406,0.49664663694514444,0.5014285714285714,0.0028182683538061247,0.49144268077601416,0.2124004364013672,0.004813194274902344,3060,1080,84
dreamer_arousal_paired_all.csv,0,KNN,EEG--ECG,correct,0.48703703703703705,0.4780132538150957,0.4784126984126984,-0.042769494947709596,0.47000000000000003,0.05434155464172363,0.04063606262207031,3060,1080,84
dreamer_arousal_paired_all.csv,0,SVM-RBF,EEG--ECG,correct,0.5018518518518519,0.5016057312252964,0.52,0.04034993590850092,0.48859611992945323,7.761128902435303,0.8193056583404541,3060,1080,84
dreamer_arousal_paired_all.csv,0,Random Forest,EEG--ECG,correct,0.6101851851851852,0.5054552415675159,0.5487301587301587,0.14621891040998497,0.5894091710758377,3.2907285690307617,0.17919039726257324,3060,1080,84
dreamer_arousal_paired_all.csv,0,XGBoost,EEG--ECG,correct,0.5564814814814815,0.5006944451147065,0.515079365079365,0.034379773884330764,0.5398059964726631,2.2469887733459473,0.009267807006835938,3060,1080,84
dreamer_arousal_paired_all.csv,1,Logistic Regression,EEG--ECG,correct,0.5407407407407407,0.5395026408450705,0.540574195780007,0.08080477253701096,0.5473953649256312,0.23499464988708496,0.004347801208496094,3060,1080,84
dreamer_arousal_paired_all.csv,1,KNN,EEG--ECG,correct,0.47685185185185186,0.4731111397015333,0.4731061916291941,-0.05371158996673014,0.4721515046696645,0.05452251434326172,0.03985404968261719,3060,1080,84
dreamer_arousal_paired_all.csv,1,SVM-RBF,EEG--ECG,correct,0.4722222222222222,0.4708994708994709,0.47163611207194744,-0.05648562747557727,0.45707021791767555,3.042680025100708,0.3008866310119629,3060,1080,84
dreamer_arousal_paired_all.csv,1,Random Forest,EEG--ECG,correct,0.4962962962962963,0.4301322242224843,0.4687651331719128,-0.07696150803930422,0.4687288135593221,1.5535366535186768,0.09862661361694336,3060,1080,84
dreamer_arousal_paired_all.csv,1,XGBoost,EEG--ECG,correct,0.4898148148148148,0.46307877064274816,0.47320996195088205,-0.05703690744968541,0.48589761328260117,1.6659774780273438,0.008368968963623047,3060,1080,84
dreamer_arousal_paired_all.csv,2,Logistic Regression,EEG--ECG,correct,0.49907407407407406,0.4956490363657865,0.5009943181818182,0.001954645780493439,0.5220791903409091,0.15408587455749512,0.0028645992279052734,3060,1080,84
dreamer_arousal_paired_all.csv,2,KNN,EEG--ECG,correct,0.5425925925925926,0.530689223234015,0.5313210227272727,0.06211315906472969,0.5262038352272728,0.037705183029174805,0.024123430252075195,3060,1080,84
dreamer_arousal_paired_all.csv,2,SVM-RBF,EEG--ECG,correct,0.5101851851851852,0.4899725489320865,0.4901278409090909,-0.01985835871224439,0.4827485795454547,3.4923832416534424,0.3536975383758545,3060,1080,84
dreamer_arousal_paired_all.csv,2,Random Forest,EEG--ECG,correct,0.5657407407407408,0.4582899750705586,0.5004261363636364,0.0011818613742685725,0.5001526988636364,2.09694766998291,0.1083536148071289,3060,1080,84
dreamer_arousal_paired_all.csv,2,XGBoost,EEG--ECG,correct,0.5453703703703704,0.5290581963216664,0.5290482954545455,0.058117336061449455,0.5151242897727273,1.7338531017303467,0.007486581802368164,3060,1080,84
dreamer_arousal_paired_all.csv,3,Logistic Regression,EEG--ECG,correct,0.4666666666666667,0.4639560046854216,0.47075705096486886,-0.059473452235398586,0.4650173181593271,0.16570138931274414,0.0026502609252929688,3240,900,84
dreamer_arousal_paired_all.csv,3,KNN,EEG--ECG,correct,0.5022222222222222,0.4976351974323577,0.49896091044037605,-0.002098822303433591,0.5066130628401782,0.04030656814575195,0.023594379425048828,3240,900,84
dreamer_arousal_paired_all.csv,3,SVM-RBF,EEG--ECG,correct,0.4855555555555556,0.4841487463960356,0.4888421573478476,-0.022544921454831713,0.48100940128649183,3.367966651916504,0.2708284854888916,3240,900,84
dreamer_arousal_paired_all.csv,3,Random Forest,EEG--ECG,correct,0.48444444444444446,0.4428166578606081,0.47323107372587825,-0.061851003023351836,0.4511331024245423,2.100003242492676,0.08596014976501465,3240,900,84
dreamer_arousal_paired_all.csv,3,XGBoost,EEG--ECG,correct,0.47888888888888886,0.4603067850982789,0.47157347847600195,-0.06009362355621523,0.48018802572983665,1.575667142868042,0.006715536117553711,3240,900,84
dreamer_arousal_paired_all.csv,0,Logistic Regression,EEG--ECG,cross_subject_label_matched,0.5092592592592593,0.49679120879120875,0.49682539682539684,-0.006330255116004462,0.5136825396825396,0.15486526489257812,0.0027158260345458984,3060,1080,84
dreamer_arousal_paired_all.csv,0,KNN,EEG--ECG,cross_subject_label_matched,0.6453703703703704,0.6407101368834967,0.6442857142857144,0.2850680666949974,0.6846014109347442,0.03234243392944336,0.02331376075744629,3060,1080,84
dreamer_arousal_paired_all.csv,0,SVM-RBF,EEG--ECG,cross_subject_label_matched,0.5314814814814814,0.53125,0.5428571428571429,0.08515384428953124,0.563615520282187,3.02626371383667,0.32563161849975586,3060,1080,84
dreamer_arousal_paired_all.csv,0,Random Forest,EEG--ECG,cross_subject_label_matched,0.5879629629629629,0.4911911272879725,0.53,0.08348326094695223,0.5321851851851852,2.193359851837158,0.08768200874328613,3060,1080,84
dreamer_arousal_paired_all.csv,0,XGBoost,EEG--ECG,cross_subject_label_matched,0.6268518518518519,0.5699001236225865,0.5823809523809523,0.19626613735350465,0.6251075837742504,1.5249831676483154,0.007373809814453125,3060,1080,84
dreamer_arousal_paired_all.csv,1,Logistic Regression,EEG--ECG,cross_subject_label_matched,0.5509259259259259,0.5505062597023456,0.5585437564856451,0.11798655042018018,0.5775475613974403,0.14477062225341797,0.002702951431274414,3060,1080,84
dreamer_arousal_paired_all.csv,1,KNN,EEG--ECG,cross_subject_label_matched,0.6453703703703704,0.6421152267148645,0.6420442753372535,0.28424049428276893,0.6999135247319266,0.03612971305847168,0.02375960350036621,3060,1080,84
dreamer_arousal_paired_all.csv,1,SVM-RBF,EEG--ECG,cross_subject_label_matched,0.5398148148148149,0.5350791108678159,0.5539086821169146,0.11233411825140206,0.599121411276375,3.0717740058898926,0.3318159580230713,3060,1080,84
dreamer_arousal_paired_all.csv,1,Random Forest,EEG--ECG,cross_subject_label_matched,0.5342592592592592,0.4656468276100178,0.5054133517813906,0.013796612800647595,0.4988861985472155,2.4775402545928955,0.16954612731933594,3060,1080,84
dreamer_arousal_paired_all.csv,1,XGBoost,EEG--ECG,cross_subject_label_matched,0.5481481481481482,0.5184984870854102,0.5297129021099966,0.06467502049245046,0.5614631615358008,2.3392598628997803,0.011317729949951172,3060,1080,84
dreamer_arousal_paired_all.csv,2,Logistic Regression,EEG--ECG,cross_subject_label_matched,0.5138888888888888,0.5134346110180029,0.5379971590909092,0.07705356048950993,0.5524875710227273,0.20012307167053223,0.004675149917602539,3060,1080,84
dreamer_arousal_paired_all.csv,2,KNN,EEG--ECG,cross_subject_label_matched,0.6027777777777777,0.5994117235100498,0.6066051136363637,0.20952282602886818,0.6416122159090909,0.05650615692138672,0.04400229454040527,3060,1080,84
dreamer_arousal_paired_all.csv,2,SVM-RBF,EEG--ECG,cross_subject_label_matched,0.4361111111111111,0.43442320574347826,0.46207386363636366,-0.07799806835808448,0.4709694602272727,7.62657356262207,0.8186509609222412,3060,1080,84
dreamer_arousal_paired_all.csv,2,Random Forest,EEG--ECG,cross_subject_label_matched,0.5611111111111111,0.49373197621750775,0.5110795454545455,0.025960776935526664,0.4986700994318182,3.513789415359497,0.19708776473999023,3060,1080,84
dreamer_arousal_paired_all.csv,2,XGBoost,EEG--ECG,cross_subject_label_matched,0.575925925925926,0.5531158299483947,0.5530539772727272,0.10819037449577629,0.5655681818181818,2.428349733352661,0.01012110710144043,3060,1080,84
dreamer_arousal_paired_all.csv,3,Logistic Regression,EEG--ECG,cross_subject_label_matched,0.57,0.5690161863315149,0.5732558139534883,0.1478226847201187,0.5965116279069768,0.21845483779907227,0.0038383007049560547,3240,900,84
dreamer_arousal_paired_all.csv,3,KNN,EEG--ECG,cross_subject_label_matched,0.6766666666666666,0.6723755959223959,0.6729094507669471,0.3515080270850343,0.7198119742701633,0.06115913391113281,0.038110971450805664,3240,900,84
dreamer_arousal_paired_all.csv,3,SVM-RBF,EEG--ECG,cross_subject_label_matched,0.5611111111111111,0.5446738366128344,0.5706828302820386,0.155972555142878,0.6211578426521523,9.355908632278442,0.8920345306396484,3240,900,84
dreamer_arousal_paired_all.csv,3,Random Forest,EEG--ECG,cross_subject_label_matched,0.5044444444444445,0.47415581965666853,0.49475507174666006,-0.011641785331674488,0.5088075210291935,3.6485543251037598,0.16801190376281738,3240,900,84
dreamer_arousal_paired_all.csv,3,XGBoost,EEG--ECG,cross_subject_label_matched,0.5977777777777777,0.5839633050016345,0.5908461157842653,0.19158679841517223,0.6323404255319148,2.5513999462127686,0.010463953018188477,3240,900,84
dreamer_arousal_paired_all.csv,0,Logistic Regression,EEG--ECG,cross_subject_unrestricted,0.4842592592592593,0.466133711513766,0.4665079365079365,-0.06743532418380317,0.4770617283950618,0.22602343559265137,0.004753589630126953,3060,1080,84
dreamer_arousal_paired_all.csv,0,KNN,EEG--ECG,cross_subject_unrestricted,0.5398148148148149,0.5271132819004274,0.5271428571428571,0.05423494658885225,0.5200952380952382,0.05778026580810547,0.037490129470825195,3060,1080,84
dreamer_arousal_paired_all.csv,0,SVM-RBF,EEG--ECG,cross_subject_unrestricted,0.5018518518518519,0.493825267618198,0.5377777777777778,0.08202830282258497,0.5558606701940035,8.278651714324951,0.8627071380615234,3060,1080,84
dreamer_arousal_paired_all.csv,0,Random Forest,EEG--ECG,cross_subject_unrestricted,0.5953703703703703,0.4855455477932721,0.5331746031746032,0.10019441407043032,0.5288183421516754,3.3558523654937744,0.1853773593902588,3060,1080,84
dreamer_arousal_paired_all.csv,0,XGBoost,EEG--ECG,cross_subject_unrestricted,0.5740740740740741,0.4955955992543587,0.5228571428571429,0.05757863077764717,0.5382433862433862,2.341155529022217,0.00989842414855957,3060,1080,84
dreamer_arousal_paired_all.csv,1,Logistic Regression,EEG--ECG,cross_subject_unrestricted,0.5018518518518519,0.5007818541111779,0.510515392597717,0.02130900681085476,0.5427499135247319,0.23639392852783203,0.0044286251068115234,3060,1080,84
dreamer_arousal_paired_all.csv,1,KNN,EEG--ECG,cross_subject_unrestricted,0.5231481481481481,0.5096790345913419,0.5121930127983397,0.02500524426511443,0.5199169837426496,0.05117368698120117,0.03662586212158203,3060,1080,84
dreamer_arousal_paired_all.csv,1,SVM-RBF,EEG--ECG,cross_subject_unrestricted,0.5101851851851852,0.5072750495683094,0.5217744725008647,0.044740099699293774,0.5447111726046351,3.470200538635254,0.37552547454833984,3060,1080,84
dreamer_arousal_paired_all.csv,1,Random Forest,EEG--ECG,cross_subject_unrestricted,0.5120370370370371,0.44594951088855816,0.4842096160498097,-0.039238415974380124,0.4757730888965755,1.8695697784423828,0.09786128997802734,3060,1080,84
dreamer_arousal_paired_all.csv,1,XGBoost,EEG--ECG,cross_subject_unrestricted,0.5268518518518519,0.4858460463491324,0.5050328606018679,0.01137006503569369,0.4871393981321342,1.612130880355835,0.007811546325683594,3060,1080,84
dreamer_arousal_paired_all.csv,2,Logistic Regression,EEG--ECG,cross_subject_unrestricted,0.46296296296296297,0.46056547619047616,0.4921875,-0.016198412157493562,0.5099414062500001,0.15199017524719238,0.0027582645416259766,3060,1080,84
dreamer_arousal_paired_all.csv,2,KNN,EEG--ECG,cross_subject_unrestricted,0.5018518518518519,0.4985224259832081,0.5040482954545454,0.007958514678815469,0.49963955965909096,0.0346224308013916,0.022054433822631836,3060,1080,84
dreamer_arousal_paired_all.csv,2,SVM-RBF,EEG--ECG,cross_subject_unrestricted,0.3972222222222222,0.38352218673031246,0.4399147727272727,-0.1348949431538876,0.40578125000000004,3.3474655151367188,0.33633971214294434,3060,1080,84
dreamer_arousal_paired_all.csv,2,Random Forest,EEG--ECG,cross_subject_unrestricted,0.5472222222222223,0.4820885525408669,0.4986505681818182,-0.0031140873315844237,0.4797975852272728,1.9935495853424072,0.09901070594787598,3060,1080,84
dreamer_arousal_paired_all.csv,2,XGBoost,EEG--ECG,cross_subject_unrestricted,0.5351851851851852,0.5118771517884153,0.5122869318181819,0.024953170766654435,0.49577059659090916,1.649744987487793,0.007829427719116211,3060,1080,84
dreamer_arousal_paired_all.csv,3,Logistic Regression,EEG--ECG,cross_subject_unrestricted,0.5055555555555555,0.5024591314588693,0.5100692726373083,0.020543072347338365,0.5134438396833251,0.15123248100280762,0.002924680709838867,3240,900,84
dreamer_arousal_paired_all.csv,3,KNN,EEG--ECG,cross_subject_unrestricted,0.5044444444444445,0.49105091519543953,0.4982187036120732,-0.0037073671108344094,0.5186541316180109,0.03691387176513672,0.02019047737121582,3240,900,84
dreamer_arousal_paired_all.csv,3,SVM-RBF,EEG--ECG,cross_subject_unrestricted,0.5144444444444445,0.4966977588781722,0.5238248391885205,0.05245325548297435,0.5187679366650173,3.4610304832458496,0.2890763282775879,3240,900,84
dreamer_arousal_paired_all.csv,3,Random Forest,EEG--ECG,cross_subject_unrestricted,0.5044444444444445,0.47415581965666853,0.49475507174666006,-0.011641785331674488,0.4760019792182088,2.057732343673706,0.09817886352539062,3240,900,84
dreamer_arousal_paired_all.csv,3,XGBoost,EEG--ECG,cross_subject_unrestricted,0.5233333333333333,0.50548120482761,0.5159079663532905,0.033740769734150446,0.5070311726867888,1.684601068496704,0.0070073604583740234,3240,900,84
dreamer_arousal_paired_all.csv,0,Logistic Regression,EEG--ECG,wrong_trial,0.4888888888888889,0.4833324088967774,0.48507936507936505,-0.029448338310995647,0.47934038800705464,0.14146828651428223,0.002955913543701172,3060,1080,84
dreamer_arousal_paired_all.csv,0,KNN,EEG--ECG,wrong_trial,0.5111111111111111,0.5061728395061729,0.5085714285714286,0.016912483530155894,0.5053668430335098,0.03716921806335449,0.022170066833496094,3060,1080,84
dreamer_arousal_paired_all.csv,0,SVM-RBF,EEG--ECG,wrong_trial,0.48148148148148145,0.48036772918635623,0.48730158730158735,-0.025110592822973777,0.4750670194003528,3.0697507858276367,0.3098602294921875,3060,1080,84
dreamer_arousal_paired_all.csv,0,Random Forest,EEG--ECG,wrong_trial,0.5666666666666667,0.466484268125855,0.5085714285714286,0.023669053416557544,0.5164761904761904,1.6674625873565674,0.047800302505493164,3060,1080,84
dreamer_arousal_paired_all.csv,0,XGBoost,EEG--ECG,wrong_trial,0.5944444444444444,0.5385083666333667,0.5517460317460318,0.12030306604742681,0.5510088183421518,0.9079217910766602,0.004468441009521484,3060,1080,84
dreamer_arousal_paired_all.csv,1,Logistic Regression,EEG--ECG,wrong_trial,0.5027777777777778,0.5016665248896072,0.5027153234175026,0.005407326473943333,0.5275786924939467,0.09218096733093262,0.0018367767333984375,3060,1080,84
dreamer_arousal_paired_all.csv,1,KNN,EEG--ECG,wrong_trial,0.4981481481481482,0.49099838610941066,0.49138706329989623,-0.017333651937064886,0.47551885160844,0.03280067443847656,0.01588129997253418,3060,1080,84
dreamer_arousal_paired_all.csv,1,SVM-RBF,EEG--ECG,wrong_trial,0.46296296296296297,0.46151518485915494,0.462123832583881,-0.07543156515603325,0.43538222068488414,2.3909428119659424,0.25744080543518066,3060,1080,84
dreamer_arousal_paired_all.csv,1,Random Forest,EEG--ECG,wrong_trial,0.5111111111111111,0.45076071336382095,0.4845728121757178,-0.03740235000575132,0.4963403666551366,1.2165961265563965,0.052098989486694336,3060,1080,84
dreamer_arousal_paired_all.csv,1,XGBoost,EEG--ECG,wrong_trial,0.5175925925925926,0.4809373532675726,0.4972500864752681,-0.0060945445335392175,0.4915496368038741,0.9062011241912842,0.0042192935943603516,3060,1080,84
dreamer_arousal_paired_all.csv,2,Logistic Regression,EEG--ECG,wrong_trial,0.5074074074074074,0.5049559547278016,0.5119318181818182,0.023474078091052293,0.5263654119318182,0.07336640357971191,0.0015780925750732422,3060,1080,84
dreamer_arousal_paired_all.csv,2,KNN,EEG--ECG,wrong_trial,0.5259259259259259,0.5107847474121915,0.5108664772727273,0.021660005636099083,0.5247549715909091,0.02342987060546875,0.018275737762451172,3060,1080,84
dreamer_arousal_paired_all.csv,2,SVM-RBF,EEG--ECG,wrong_trial,0.5027777777777778,0.48456750898291934,0.48458806818181815,-0.030857248287171807,0.47219460227272725,2.38714861869812,0.26607251167297363,3060,1080,84
dreamer_arousal_paired_all.csv,2,Random Forest,EEG--ECG,wrong_trial,0.5555555555555556,0.4570590699622958,0.49360795454545453,-0.016854996561581053,0.49491299715909093,1.1841273307800293,0.04689741134643555,3060,1080,84
dreamer_arousal_paired_all.csv,2,XGBoost,EEG--ECG,wrong_trial,0.5462962962962963,0.5105148658448151,0.5138494318181819,0.029122799143986584,0.5065198863636363,0.8708946704864502,0.004385471343994141,3060,1080,84
dreamer_arousal_paired_all.csv,3,Logistic Regression,EEG--ECG,wrong_trial,0.4811111111111111,0.48109509552763974,0.48231073725878276,-0.03539823557894266,0.5003958436417615,0.09078669548034668,0.0013916492462158203,3240,900,84
dreamer_arousal_paired_all.csv,3,KNN,EEG--ECG,wrong_trial,0.5122222222222222,0.5038370686829643,0.5074468085106383,0.015237100181537375,0.5124418604651163,0.04345989227294922,0.015154838562011719,3240,900,84
dreamer_arousal_paired_all.csv,3,SVM-RBF,EEG--ECG,wrong_trial,0.4866666666666667,0.48665652654867253,0.4878278080158337,-0.02435499112338117,0.48560613557644733,2.6871488094329834,0.23502659797668457,3240,900,84
dreamer_arousal_paired_all.csv,3,Random Forest,EEG--ECG,wrong_trial,0.46555555555555556,0.4344717490616986,0.4560366155368629,-0.09701198127017648,0.44912666996536366,1.3263177871704102,0.04811859130859375,3240,900,84
dreamer_arousal_paired_all.csv,3,XGBoost,EEG--ECG,wrong_trial,0.4888888888888889,0.4623376623376623,0.4799604156358238,-0.04368674677985593,0.48156853043048,0.9075865745544434,0.004505634307861328,3240,900,84
